{"blt31857bfab87dba38":{"title":"entry1","url":"/entry1","reference":[{"uid":"bltd1b2314c334ad53c","_content_type_uid":"cb_multiple"}],"group":{"single_line":"Group Single line"},"snippet_1":{"single_line":"GF SLT","multi_line":"GF MLT","rich_text_editor":"<p>GF RTE</p>","markdown":"GF Mark","select":"choice 1","number":7,"boolean":true,"date":null,"file":{"uid":"blt63a0a95690cb4aca","created_at":"2019-11-08T06:27:05.393Z","updated_at":"2019-11-08T06:27:05.393Z","created_by":"blt7df3647c7281c9d4","updated_by":"blt7df3647c7281c9d4","content_type":"text/plain","file_size":"34","tags":[],"filename":"File_Upload_1.txt","url":"https://stag-assets.contentstack.io/v3/assets/blt856967773404eda2/blt63a0a95690cb4aca/5dc50ab9d0dfe80e7636a5c3/File_Upload_1.txt","ACL":[],"is_dir":false,"parent_uid":null,"_version":1,"title":"File_Upload_1.txt"},"link":{"title":"google","href":"https://www.google.com/"},"keyvalue1":{"value":[{"key":"city","value":"mumbai"}]}},"tags":[],"locale":"en-us","uid":"blt31857bfab87dba38","created_by":"blt7df3647c7281c9d4","updated_by":"blt7df3647c7281c9d4","created_at":"2019-11-08T06:27:22.637Z","updated_at":"2019-11-08T06:27:22.637Z","ACL":{},"_version":1}}