{"blta19c4a4aec9c70e4":{"title":"localize english","url":"/localize-english","single_line":"SLT","tags":[],"locale":"en-us","uid":"blta19c4a4aec9c70e4","created_by":"blt7df3647c7281c9d4","updated_by":"blt7df3647c7281c9d4","created_at":"2019-11-11T10:21:56.847Z","updated_at":"2019-11-12T06:11:52.593Z","ACL":{},"_version":2,"global_field":{"single_line":"GF SLT Non localise","multi_line":"GF MLT"}},"blt29a34ce857f0de33":{"title":"entry1","url":"/entry1","single_line":"SLT","tags":[],"locale":"en-us","uid":"blt29a34ce857f0de33","created_by":"blt7df3647c7281c9d4","updated_by":"blt7df3647c7281c9d4","created_at":"2019-11-08T06:20:23.305Z","updated_at":"2019-11-11T10:25:14.938Z","ACL":{},"_version":2,"global_field":{"single_line":"GF SLT Non En-US","multi_line":"GF MLT"}}}