{"blta19c4a4aec9c70e4":{"locale":"hi-in","uid":"blta19c4a4aec9c70e4","ACL":{},"_version":1,"created_at":"2019-11-12T06:15:31.357Z","created_by":"blt7df3647c7281c9d4","global_field":{"multi_line":"GF MLT","single_line":"GF SLT Non localise"},"single_line":"SLT","tags":[],"title":"localize english","updated_at":"2019-11-12T06:15:31.357Z","updated_by":"blt7df3647c7281c9d4","url":"/localize-english"},"blt29a34ce857f0de33":{"locale":"hi-in","uid":"blt29a34ce857f0de33","ACL":{},"_version":1,"created_at":"2019-11-11T10:25:56.164Z","created_by":"blt7df3647c7281c9d4","global_field":{"multi_line":"GF MLT","single_line":"GF SLT Non En-US"},"single_line":"SLT","tags":[],"title":"entry1","updated_at":"2019-11-11T10:25:56.164Z","updated_by":"blt7df3647c7281c9d4","url":"/entry1"}}