{"blt844a659fbdb29a1c":{"uid":"blt844a659fbdb29a1c","content_type":"text/plain","file_size":"34","tags":[],"filename":"File_Upload_2.txt","url":"https://stag-assets.contentstack.io/v3/assets/blt856967773404eda2/blt844a659fbdb29a1c/5dc50aae121ee40e803012f9/File_Upload_2.txt","ACL":{"roles":[],"others":{"read":false,"create":false,"update":false,"delete":false,"sub_acl":{"read":false,"create":false,"update":false,"delete":false,"publish":false}}},"is_dir":false,"parent_uid":"blt7b310b1343bc3c9d","_version":1,"title":"File_Upload_2.txt"},"blt63a0a95690cb4aca":{"uid":"blt63a0a95690cb4aca","content_type":"text/plain","file_size":"34","tags":[],"filename":"File_Upload_1.txt","url":"https://stag-assets.contentstack.io/v3/assets/blt856967773404eda2/blt63a0a95690cb4aca/5dc50ab9d0dfe80e7636a5c3/File_Upload_1.txt","ACL":{"roles":[],"others":{"read":false,"create":false,"update":false,"delete":false,"sub_acl":{"read":false,"create":false,"update":false,"delete":false,"publish":false}}},"is_dir":false,"parent_uid":null,"_version":1,"title":"File_Upload_1.txt"},"blt22ce2aa6e8c70e9f":{"uid":"blt22ce2aa6e8c70e9f","content_type":"image/png","file_size":"158329","tags":[],"filename":"snap_upload.png","url":"https://stag-images.contentstack.io/v3/assets/blt856967773404eda2/blt22ce2aa6e8c70e9f/5dc50aba121ee40e803012ff/snap_upload.png","ACL":{"roles":[],"others":{"read":false,"create":false,"update":false,"delete":false,"sub_acl":{"read":false,"create":false,"update":false,"delete":false,"publish":false}}},"is_dir":false,"parent_uid":null,"_version":1,"title":"snap_upload.png"},"bltb9a9f209d1a997b7":{"uid":"bltb9a9f209d1a997b7","content_type":"image/png","file_size":"158329","tags":[],"filename":"$@.png","url":"https://stag-images.contentstack.io/v3/assets/blt856967773404eda2/bltb9a9f209d1a997b7/5dc50aae28a58c0e940b8d65/$@.png","ACL":{"roles":[],"others":{"read":false,"create":false,"update":false,"delete":false,"sub_acl":{"read":false,"create":false,"update":false,"delete":false,"publish":false}}},"is_dir":false,"parent_uid":"blt7b310b1343bc3c9d","_version":1,"title":"$@.png"}}