[{"created_at":"2019-11-08T06:05:46.418Z","updated_at":"2019-11-08T06:05:46.418Z","title":"sp1","uid":"sp1","_version":1,"inbuilt_class":false,"schema":[{"data_type":"text","display_name":"Single line textbox","uid":"single_line","field_metadata":{"description":"","default_value":"","version":3},"format":"","error_messages":{"format":""},"multiple":false,"mandatory":false,"unique":false,"non_localizable":false}],"last_activity":{},"maintain_revisions":true,"description":""},{"created_at":"2019-11-08T06:06:06.371Z","updated_at":"2019-11-08T06:06:06.371Z","title":"sp2","uid":"sp2","_version":1,"inbuilt_class":false,"schema":[{"data_type":"text","display_name":"Multi line textbox","uid":"multi_line","field_metadata":{"description":"","default_value":"","multiline":true,"version":3},"format":"","error_messages":{"format":""},"multiple":false,"mandatory":false,"unique":false,"non_localizable":false}],"last_activity":{},"maintain_revisions":true,"description":""},{"created_at":"2019-11-08T06:09:13.931Z","updated_at":"2019-11-08T06:09:13.931Z","title":"sp3","uid":"sp3","_version":1,"inbuilt_class":false,"schema":[{"data_type":"text","display_name":"Single line textbox","uid":"single_line","field_metadata":{"description":"","default_value":"","version":3},"format":"","error_messages":{"format":""},"multiple":false,"mandatory":false,"unique":false,"non_localizable":false},{"data_type":"text","display_name":"Multi line textbox","uid":"multi_line","field_metadata":{"description":"","default_value":"","multiline":true,"version":3},"format":"","error_messages":{"format":""},"multiple":false,"mandatory":false,"unique":false,"non_localizable":false},{"data_type":"text","display_name":"Rich text editor","uid":"rich_text_editor","field_metadata":{"allow_rich_text":true,"description":"","multiline":false,"rich_text_type":"advanced","options":[],"version":3},"multiple":false,"mandatory":false,"unique":false,"non_localizable":false},{"data_type":"text","display_name":"Markdown","uid":"markdown","field_metadata":{"description":"","markdown":true,"version":3},"multiple":false,"mandatory":false,"unique":false,"non_localizable":false},{"data_type":"text","display_name":"Select","display_type":"dropdown","enum":{"advanced":false,"choices":[{"value":"choice 1"},{"value":"choice 2"},{"value":"choice 3"}]},"multiple":false,"uid":"select","field_metadata":{"description":"","default_value":"","version":3},"mandatory":false,"unique":false,"non_localizable":false},{"data_type":"number","display_name":"Number","uid":"number","field_metadata":{"description":"","default_value":""},"multiple":false,"mandatory":false,"unique":false,"non_localizable":false},{"data_type":"boolean","display_name":"Boolean","uid":"boolean","field_metadata":{"description":"","default_value":""},"multiple":false,"mandatory":false,"unique":false,"non_localizable":false},{"data_type":"isodate","display_name":"Date","uid":"date","startDate":null,"endDate":null,"field_metadata":{"description":"","default_value":""},"multiple":false,"mandatory":false,"unique":false,"non_localizable":false},{"data_type":"file","display_name":"File","uid":"file","extensions":[],"field_metadata":{"description":"","rich_text_type":"standard"},"multiple":false,"mandatory":false,"unique":false,"non_localizable":false},{"data_type":"link","display_name":"Link","uid":"link","field_metadata":{"description":"","default_value":{"title":"","url":""}},"multiple":false,"mandatory":false,"unique":false,"non_localizable":false},{"display_name":"keyValue1","extension_uid":"bltf2eab9c047f7ef99","field_metadata":{"extension":true},"uid":"keyvalue1","config":{},"data_type":"json","multiple":false,"mandatory":false,"unique":false,"non_localizable":false}],"last_activity":{},"maintain_revisions":true,"description":""},{"created_at":"2019-11-11T10:23:21.499Z","updated_at":"2019-11-11T10:24:20.492Z","title":"sp-NonLocalize","uid":"sp_nonlocalize","_version":3,"inbuilt_class":false,"schema":[{"data_type":"text","display_name":"Single line textbox","uid":"single_line","field_metadata":{"description":"","default_value":"","version":3},"format":"","error_messages":{"format":""},"multiple":false,"mandatory":false,"unique":false,"non_localizable":true},{"data_type":"text","display_name":"Multi line textbox","uid":"multi_line","field_metadata":{"description":"","default_value":"","multiline":true,"version":3},"format":"","error_messages":{"format":""},"multiple":false,"mandatory":false,"unique":false,"non_localizable":false}],"last_activity":{},"maintain_revisions":true,"description":"used for localize test"}]