{"bltf2eab9c047f7ef99":{"created_at":"2019-11-08T06:07:28.966Z","updated_at":"2019-11-08T06:07:28.966Z","created_by":"blt7df3647c7281c9d4","updated_by":"blt7df3647c7281c9d4","tags":[],"ACL":[],"_version":1,"title":"Key-value Field 1","config":{},"type":"field","data_type":"json","multiple":false,"srcdoc":"<!doctype html>\n<html ng-app=\"keyValuePair\">\n\n<head>\n    <meta name=\"viewport\" content=\"width=device-width, initial-scale=1.0\" />\n    <script src=\"https://cdnjs.cloudflare.com/ajax/libs/angular.js/1.4.4/angular.min.js\"></script>\n    <script src=\"https://cdnjs.cloudflare.com/ajax/libs/angular-ui-tree/2.22.6/angular-ui-tree.min.js\"></script>\n    <link rel=\"stylesheet\" type=\"text/css\" href=\"https://cdnjs.cloudflare.com/ajax/libs/angular-ui-tree/2.22.6/angular-ui-tree.min.css\"/>\n    <script src=\"https://www.contentstack.com/sdks/contentstack-ui-extensions/dist/latest/ui-extension-sdk.js\"></script>\n    <link href=\"https://www.contentstack.com/sdks/contentstack-ui-extensions/dist/latest/ui-extension-sdk.css\" rel=\"stylesheet\" type=\"text/css\" media=\"all\">\n    <style>\n        .cs-text-box {\n            margin-bottom: 5px;\n            margin-left: 10px;\n        }\n\n        .sort-list {\n            display: inline-block;\n            width: 100%;\n            position: relative;\n        }\n\n        .sort-list:hover>.drag-icon {\n            visibility: visible;\n        }\n\n        .main-div {\n            width: 450px;\n        }\n        .ml-0 {\n           margin-left: 0;\n        }\n    </style>\n</head>\n\n<body>\n    <div ng-controller=\"keyValueCtrl\">\n        <div ui-tree=\"treeOptions\">\n            <div ui-tree-nodes ng-model=\"list.value\" class=\"main-div\">\n                <div ui-tree-node data-ng-repeat=\"x in list.value\" class=\"sort-list\">\n                    <input type=\"text\" class=\"cs-text-box\" ng-model=\"x.key\" ng-change=\"setValue()\" ng-focus=\"setFocus()\" placeholder=\"Key\" ng-value=\"x.key\"\n                    /> :\n                    <input type=\"text\" class=\"cs-text-box ml-0\" ng-model=\"x.value\" ng-change=\"setValue()\" ng-focus=\"setFocus()\" placeholder=\"Value\"\n                        ng-value=\"x.value\" />\n                    <i ng-click=\"removeKey($index);setFocus()\" class=\"minus-sign\" ng-show=\"list.value.length !== 1\"></i>\n                    <i ng-click=\"addMoreKey();setFocus()\" class=\"plus-sign\" ng-show=\"$last\"></i>\n                    <div class=\"drag-icon\" ng-show=\"list.value.length !== 1\" ui-tree-handle></div>\n                </div>\n            </div>\n        </div>\n\n    </div>\n    <script>\n        var app = angular.module(\"keyValuePair\", ['ui.tree']);\n        app.controller(\"keyValueCtrl\", function ($scope, $timeout) {\n\n            $scope.addMoreKey = function () {\n                $scope.list.value.push({ \"key\": \"\", \"value\": \"\" });\n                $scope.setValue();\n            };\n\n            $scope.removeKey = function (index) {\n                $scope.list.value.splice(index, 1);\n                $scope.setValue();\n            };\n\n            $scope.setFocus = function () {\n                extensionField.field.setFocus();\n            };\n\n            $scope.setValue = function () {\n                extensionField.field.setData($scope.list);\n\n            };\n\n            $scope.treeOptions = {\n                dragStop: function () {\n                    $timeout(function () {\n                        $scope.setValue();\n                    }, 10);\n                }\n            };\n\n\n\n            ContentstackUIExtension.init().then(function (extension) {\n                extensionField = extension;\n                $scope.$apply(function () {\n                    $scope.list = (extension && extension.field && extension.field.getData()) ? extension.field.getData() : {};\n                    if (angular.equals($scope.list, {})) {\n                        $scope.list = {\n                            \"value\": [{ \"key\": \"\", \"value\": \"\" }]\n                        }\n                    }\n                })\n\n                extensionField.window.updateHeight();\n                extensionField.window.enableAutoResizing();\n            })\n        });\n\n    </script>\n</body>\n\n</html>"}}